date,open,close,low,high,volume
2021-10-04,76.4,75.0,74.65,77.5,49033
2021-10-05,75.3,77.32,75.27,77.95,56256
2021-10-06,77.37,77.0,76.78,78.78,53465
2021-10-07,78.49,79.16,77.1,80.28,50236
2021-10-08,79.89,81.77,79.2,82.0,59118
2021-10-11,81.77,85.13,81.77,89.46,209798
2021-10-12,86.9,86.7,84.11,87.0,85298
2021-10-13,88.49,86.7,85.1,90.5,129591
2021-10-14,86.49,85.2,84.56,87.47,54448
2021-10-15,85.99,85.37,84.71,86.14,22932
2021-10-18,85.9,84.79,84.52,85.95,27471
2021-10-19,85.99,85.71,83.68,86.71,44488
2021-10-20,86.61,85.15,84.79,86.88,53793
2021-10-21,84.62,85.8,84.62,86.96,47095
2021-10-22,85.31,86.57,85.31,88.41,55742
2021-10-25,87.1,85.2,84.83,87.1,53938
2021-10-26,85.1,87.42,84.89,88.29,63263
2021-10-27,88.0,90.68,87.12,90.87,165982
2021-10-28,90.68,90.6,87.68,92.24,132471
2021-10-29,91.91,90.85,89.56,92.5,70084
2021-11-01,90.85,93.67,89.27,93.68,107994
2021-11-02,93.78,94.45,91.36,95.18,91962
2021-11-03,93.63,92.8,92.56,94.49,113170
2021-11-05,93.38,93.24,90.99,95.5,95460
2021-11-08,95.19,89.9,88.61,95.19,242301
2021-11-09,90.0,91.98,88.25,92.99,77109
2021-11-10,91.95,93.43,91.9,94.0,103115
2021-11-11,93.4,91.51,90.7,93.5,95996
2021-11-12,92.28,90.75,90.34,93.99,60227
2021-11-15,90.99,93.0,90.43,93.94,115958
2021-11-16,93.24,91.51,91.1,94.0,33555
2021-11-17,91.99,91.99,90.35,93.18,49970
2021-11-18,93.18,89.5,89.1,93.9,105826
2021-11-19,90.0,89.3,87.28,92.5,108988
2021-11-22,88.0,86.56,85.25,88.35,140382
2021-11-23,86.99,87.71,83.1,90.1,125104
2021-11-24,88.94,90.65,87.8,92.0,139569
2021-11-25,91.0,89.66,89.5,92.2,33881
2021-11-26,89.5,86.5,85.3,90.0,94146
2021-11-29,87.78,88.26,86.33,88.96,33954
2021-11-30,87.9,86.47,86.4,88.76,61006
2021-12-01,87.6,88.15,86.2,88.68,19723
2021-12-02,88.37,87.46,86.9,88.5,21092
2021-12-03,87.9,87.85,86.94,90.89,43511
2021-12-06,87.41,85.84,85.58,89.36,27546
2021-12-07,85.82,85.27,84.38,86.61,43065
2021-12-08,86.0,83.49,83.1,87.3,28668
2021-12-09,83.99,83.73,83.23,84.92,29668
2021-12-10,83.6,82.2,81.9,83.71,33065
2021-12-13,82.18,79.51,79.51,84.3,44720
2021-12-14,78.0,79.15,77.3,81.37,69010
2021-12-15,80.4,80.99,79.87,84.19,37593
2021-12-16,82.8,83.31,81.61,84.9,41865
2021-12-17,82.26,82.5,81.86,83.49,28716
2021-12-20,81.2,82.9,81.2,85.28,32951
2021-12-21,82.94,80.5,80.3,83.94,44946
2021-12-22,81.5,81.82,80.12,83.3,25475
2021-12-23,81.81,81.29,80.52,82.94,23605
2021-12-24,81.0,82.31,81.0,83.63,24197
2021-12-27,82.62,82.48,82.5,83.62,12694
2021-12-28,83.59,83.0,81.8,83.59,25069
2021-12-29,83.1,83.0,83.0,84.3,38578
2021-12-30,82.79,81.5,81.5,84.83,58511
2022-01-03,81.8,84.18,81.2,85.0,25692
2022-01-04,84.2,87.1,84.2,90.0,60466
2022-01-05,86.68,86.11,85.36,89.49,22854
2022-01-06,85.12,85.5,84.82,86.96,28326
2022-01-10,84.97,83.65,83.36,87.33,29541
2022-01-11,83.7,84.82,83.1,86.82,34675
2022-01-12,84.7,87.9,84.14,88.0,41475
2022-01-13,87.56,83.12,82.98,87.95,61437
2022-01-14,84.91,80.68,78.5,86.0,123395
2022-01-17,81.45,79.86,79.19,83.8,68862
2022-01-18,79.51,77.28,77.1,80.59,93517
2022-01-19,77.56,79.74,76.78,82.86,124577
2022-01-20,87.7,81.4,80.0,87.7,121719
2022-01-21,81.3,81.6,79.0,83.41,87515
2022-01-24,80.17,73.85,71.35,80.9,155654
2022-01-25,76.0,73.32,72.0,78.0,93924
2022-01-26,74.3,74.83,73.26,75.42,39679
2022-01-27,75.0,75.8,73.38,77.44,53778
2022-01-28,76.99,77.61,76.58,78.76,39226
2022-01-31,78.0,78.6,77.91,80.8,94253
2022-02-01,78.6,80.69,78.56,81.87,92822
2022-02-02,80.6,80.57,77.8,83.29,117657
2022-02-03,78.95,78.94,77.88,80.51,70076
2022-02-04,78.0,79.76,78.0,80.93,62577
2022-02-07,81.49,80.0,78.23,81.49,76687
2022-02-08,80.26,81.55,79.68,81.98,88434
2022-02-09,82.82,81.51,81.5,82.94,22888
2022-02-10,81.9,85.14,81.28,85.49,71828
2022-02-11,82.95,83.89,80.42,87.0,83033
2022-02-14,82.0,85.38,79.8,85.38,147007
2022-02-15,85.4,85.3,84.6,86.86,100273
2022-02-16,86.0,86.19,85.1,87.29,30587
2022-02-17,86.3,85.5,83.17,86.82,65530
2022-02-18,85.5,77.97,77.31,86.31,134232
2022-02-21,80.51,71.13,70.2,82.78,189054
2022-02-22,70.0,70.0,60.99,74.9,146608
2022-02-24,63.0,50.0,45.0,63.0,169515
2022-02-25,50.2,66.98,50.2,70.4,120496
2022-03-28,60.3,53.52,53.49,60.3,94832
2022-03-29,53.52,52.65,50.79,53.98,44590
2022-03-30,52.65,54.79,51.1,54.99,40399
2022-03-31,54.81,62.26,54.81,62.56,80902
2022-04-01,66.49,64.39,63.1,66.76,59201
2022-04-04,66.0,67.98,66.0,73.0,64509
2022-04-05,67.98,62.21,60.1,69.23,62692
2022-04-06,62.0,61.11,60.0,64.88,50236
2022-04-07,61.19,62.5,60.2,63.5,20115
2022-04-08,62.5,62.19,60.5,62.96,21091
2022-04-11,62.19,61.69,61.1,64.1,24514
2022-04-12,61.49,64.2,60.2,67.2,32731
2022-04-13,63.63,62.3,62.3,64.19,19585
2022-04-14,67.0,61.8,60.81,67.0,63699
2022-04-15,62.11,60.75,60.1,62.29,27135
2022-04-18,61.19,57.57,57.15,61.19,25235
2022-04-19,58.61,55.63,54.17,58.94,26471
2022-04-20,56.98,56.17,54.7,58.69,25157
2022-04-21,56.5,55.58,55.1,57.0,11977
2022-04-22,55.58,55.8,54.84,56.72,16917
2022-04-25,55.96,53.44,51.89,56.29,18533
2022-04-26,53.27,55.65,51.85,56.72,20824
2022-04-27,56.0,57.4,53.75,57.95,26409
2022-04-28,58.29,58.65,58.29,63.94,70958
2022-04-29,57.0,57.3,55.72,57.89,49016
2022-05-04,57.41,55.98,55.0,57.53,24146
2022-05-05,55.97,57.5,55.97,58.48,34664
2022-05-06,57.51,57.4,57.1,58.29,13750
2022-05-11,57.9,58.28,57.41,59.16,23635
2022-05-12,58.29,58.41,57.5,59.55,17244
2022-05-13,58.76,59.66,58.2,60.0,16350
2022-05-16,59.66,60.26,59.25,60.95,16237
2022-05-17,60.26,63.26,60.1,63.5,26510
2022-05-18,63.26,64.13,62.82,66.79,42419
2022-05-19,64.11,65.56,63.51,66.59,22421
2022-05-20,65.56,63.0,62.1,67.28,24759
2022-05-23,63.1,64.21,63.1,65.48,23357
2022-05-24,64.5,62.89,60.38,65.99,19761
2022-05-25,62.21,62.67,62.21,64.34,8937
2022-05-26,62.67,63.29,62.1,63.8,13211
2022-05-27,63.95,65.3,63.3,65.5,34264
2022-05-30,65.0,64.71,63.68,65.98,8787
2022-05-31,64.3,64.69,63.51,65.0,8988
2022-06-01,64.51,64.5,63.8,65.0,12622
2022-06-02,64.5,64.78,63.52,65.85,15072
2022-06-03,64.9,65.22,63.81,65.9,19762
2022-06-06,66.0,66.8,65.5,68.25,52279
2022-06-07,67.0,66.22,65.31,67.64,19230
2022-06-08,66.1,67.12,66.0,67.64,19697
2022-06-09,66.3,66.25,65.7,67.65,11572
2022-06-10,66.48,66.6,66.41,67.6,15946
2022-06-14,66.8,67.92,64.0,68.99,32864
2022-06-15,68.44,68.54,68.0,69.8,16409
2022-06-16,69.2,69.45,68.6,69.73,10600
2022-06-17,69.66,68.99,68.24,69.69,9058
2022-06-20,69.1,69.49,68.35,69.84,17132
2022-06-21,69.99,69.32,69.1,72.27,19786
2022-06-22,69.3,70.5,67.9,70.78,20571
2022-06-23,70.7,71.51,70.5,72.27,21653
2022-06-24,71.51,71.35,70.6,73.0,10962
2022-06-27,71.49,75.0,70.75,75.63,52632
2022-06-28,75.49,77.48,74.22,78.39,32021
2022-06-29,77.12,77.85,77.12,78.32,22574
2022-06-30,77.61,75.4,72.86,78.78,44598
2022-07-01,75.9,71.5,70.0,75.9,30736
2022-07-04,71.5,69.76,69.36,71.86,18736
2022-07-05,70.34,69.15,67.28,70.34,29616
2022-07-06,72.0,70.46,68.8,72.0,13332
2022-07-07,70.69,70.24,68.97,71.5,18945
2022-07-08,71.61,69.81,69.52,71.61,4558
2022-07-11,70.14,69.51,69.37,71.98,10204
2022-07-12,69.48,68.74,68.5,69.94,33409
2022-07-13,68.49,68.14,67.7,69.24,18794
2022-07-14,68.1,67.57,67.57,68.8,3774
2022-07-15,67.57,78.74,65.88,91.85,245878
2022-07-18,81.5,84.84,80.44,86.7,315489
2022-07-19,85.0,82.8,82.5,87.36,96619
2022-07-20,84.17,83.17,82.8,84.7,28692
2022-07-21,83.5,83.78,82.98,84.5,44287
2022-07-22,84.2,85.69,83.55,86.5,37148
2022-07-25,86.33,87.59,85.9,88.0,45522
2022-07-26,88.0,86.3,82.1,88.9,48766
2022-07-27,86.48,86.98,85.63,88.2,22227
2022-07-28,85.25,86.52,85.25,87.49,20325
2022-07-29,86.6,86.5,86.14,87.0,16903
2022-08-01,86.99,86.61,86.13,87.48,33624
2022-08-02,86.99,86.11,85.34,86.99,24818
2022-08-03,86.28,85.72,85.4,86.51,25941
2022-08-04,85.46,86.2,85.46,86.62,30398
2022-08-05,86.0,86.12,85.71,86.59,15080
2022-08-08,86.15,87.0,86.0,87.48,27884
2022-08-09,87.19,89.75,86.17,90.99,69577
2022-08-10,90.4,89.99,88.5,90.4,37017
2022-08-11,90.1,89.0,88.21,90.4,33980
2022-08-12,89.9,89.85,88.5,92.35,38306
2022-08-15,90.12,90.99,89.18,91.46,30427
2022-08-16,91.28,90.68,90.0,91.6,27292
2022-08-17,91.68,90.29,90.5,91.68,36082
2022-08-18,90.93,97.12,90.35,97.41,311919
2022-08-19,98.0,95.2,90.1,101.34,531652
2022-08-22,95.31,94.99,93.57,96.96,583612
2022-08-23,95.72,95.41,93.8,95.72,67746
2022-08-24,95.9,100.87,95.55,100.87,318807
2022-08-25,100.5,103.5,97.64,104.17,204570
2022-08-26,93.15,90.4,87.1,93.15,371682
2022-08-29,90.5,92.4,89.22,93.35,139414
2022-08-30,92.1,90.73,90.5,93.8,93624
2022-08-31,90.15,91.32,89.44,92.67,73556
2022-09-01,91.32,91.81,89.52,92.44,64536
2022-09-02,91.71,98.5,91.2,100.23,211257
2022-09-05,98.79,97.11,95.1,98.9,81665
2022-09-06,96.71,95.25,93.0,98.6,75444
2022-09-07,95.25,95.5,94.47,98.0,44529
2022-09-08,95.34,94.25,94.1,95.73,20332
2022-09-09,94.5,95.2,94.5,96.53,26516
2022-09-12,94.5,94.22,94.0,96.9,34735
2022-09-13,94.3,92.7,86.6,94.99,55691
2022-09-14,92.68,92.1,88.55,92.68,22442
2022-09-15,92.1,92.3,91.7,92.41,11878
2022-09-16,91.75,92.0,91.5,92.49,36052
2022-09-19,92.0,92.6,90.49,94.0,25647
2022-09-20,93.1,90.29,88.16,93.48,66065
2022-09-21,81.5,88.8,78.34,91.7,63188
2022-09-22,88.9,91.99,88.7,92.72,51401
2022-09-23,92.0,86.55,86.4,92.0,32974
2022-09-26,86.68,77.6,73.38,86.69,41645
2022-09-27,75.3,77.72,75.3,81.75,20584
2022-09-28,77.82,77.11,77.2,81.0,18382
2022-09-29,78.8,79.0,77.3,84.0,22267
2022-09-30,77.42,77.13,72.32,79.92,37299
2022-10-03,77.37,79.51,76.0,81.24,18679
2022-10-04,81.87,79.6,79.1,83.89,16528
2022-10-05,80.3,78.28,76.31,80.43,16728
2022-10-06,78.2,77.72,77.11,80.2,14432
2022-10-07,77.76,75.65,74.4,78.97,10666
2022-10-10,75.0,76.28,72.4,77.2,13158
2022-10-11,76.3,78.39,76.6,80.0,15999
2022-10-12,79.36,80.5,78.0,80.89,11157
2022-10-13,82.0,82.51,80.5,87.0,50596
2022-10-14,82.5,82.3,81.22,85.4,20592
2022-10-17,82.3,85.4,82.3,86.17,18567
2022-10-18,86.1,89.85,85.22,89.85,27745
2022-10-19,88.8,87.39,85.56,89.57,20715
2022-10-20,88.9,88.27,85.8,91.2,36688
2022-10-21,88.59,88.29,87.41,89.1,7885
2022-10-24,89.48,88.1,87.4,90.18,16849
2022-10-25,88.2,88.82,87.23,89.37,18065
2022-10-26,89.0,90.3,88.36,93.0,60578
2022-10-27,91.55,99.0,90.87,99.0,147993
2022-10-28,101.0,98.86,95.3,102.98,125858
2022-10-31,98.56,96.57,96.39,99.29,26290
2022-11-01,96.57,96.68,96.5,97.55,14648
2022-11-02,97.23,96.87,96.11,99.5,41707
2022-11-03,97.3,94.89,92.6,97.3,46653
2022-11-07,96.3,95.64,95.2,96.77,21657
2022-11-08,96.21,94.38,94.2,96.49,18986
2022-11-09,94.77,93.31,93.31,94.77,12627
2022-11-10,93.31,96.1,92.1,97.51,44285
2022-11-11,96.1,95.87,94.5,98.4,21271
2022-11-14,97.14,99.3,95.19,99.5,42298
2022-11-15,99.99,98.62,97.1,99.99,32178
2022-11-16,99.99,98.19,97.18,99.99,13154
2022-11-17,98.0,98.25,97.53,99.7,14845
2022-11-18,98.4,96.5,96.13,98.88,16037
2022-11-21,96.3,95.43,95.31,97.73,14405
2022-11-22,95.43,96.41,95.36,97.3,15625
2022-11-23,96.97,96.85,96.2,97.23,7659
2022-11-24,96.28,97.2,96.26,98.22,10980
2022-11-25,97.2,96.27,95.82,97.91,5537
2022-11-28,96.4,95.92,95.5,96.76,4576
2022-11-29,96.14,97.44,95.75,100.29,29999
2022-11-30,98.29,96.89,96.7,98.29,6880
2022-12-01,97.49,97.52,96.24,99.98,7838
2022-12-02,97.2,97.2,97.1,97.8,5675
2022-12-05,97.0,98.3,97.0,100.5,26145
2022-12-06,98.45,98.27,98.5,98.72,4589
2022-12-07,98.3,97.55,96.84,99.6,14578
2022-12-08,97.93,95.6,94.47,97.93,40088
2022-12-09,95.6,95.9,95.6,96.1,7264
2022-12-12,95.9,98.28,95.1,98.28,26554
2022-12-13,97.55,98.13,97.55,98.27,14118
2022-12-14,98.2,98.1,97.18,98.82,12853
2022-12-15,98.2,97.7,96.61,98.5,9421
2022-12-16,97.24,97.8,96.5,98.0,12708
2022-12-19,97.7,97.8,96.0,98.33,10813
2022-12-20,97.1,97.52,96.52,98.7,33087
2022-12-21,97.24,99.45,97.24,107.48,159169
2022-12-22,100.29,99.0,98.15,103.0,66740
2022-12-23,99.0,99.49,98.6,103.0,40500
2022-12-26,100.44,100.34,99.12,101.5,26244
2022-12-27,100.7,100.0,99.66,101.97,30625
2022-12-28,100.84,99.4,99.4,100.95,22016
2022-12-29,99.99,99.9,99.2,100.2,13321
2022-12-30,99.8,100.2,99.5,100.45,31348
2023-01-03,99.9,101.96,99.9,102.45,18075
2023-01-04,102.29,101.81,101.23,102.38,10151
2023-01-05,101.81,101.73,100.72,102.83,13370
2023-01-06,101.8,101.9,101.22,102.84,18066
2023-01-09,101.59,102.45,101.59,102.87,34747
2023-01-10,102.5,101.7,101.0,102.5,22668
2023-01-11,100.78,101.7,100.0,103.8,34437
2023-01-12,102.75,101.79,101.51,102.89,11317
2023-01-13,101.6,101.16,100.5,101.93,35470
2023-01-16,101.5,100.52,100.3,101.55,38585
2023-01-17,100.52,100.16,100.6,100.91,24344
2023-01-18,100.1,100.7,99.71,100.63,18024
2023-01-19,100.6,99.94,99.8,100.38,16753
2023-01-20,100.11,100.84,100.0,100.95,25185
2023-01-23,101.2,101.6,100.79,101.87,18022
2023-01-24,101.44,100.81,100.23,104.21,40527
2023-01-25,101.15,101.49,100.16,101.49,16847
2023-01-26,102.0,100.41,100.41,102.0,19078
2023-01-27,100.94,100.6,100.0,100.94,26501
2023-01-30,100.27,99.7,95.5,100.54,52853
2023-01-31,100.33,101.1,99.99,101.94,39923
2023-02-01,102.39,100.61,100.5,102.39,26497
2023-02-02,100.61,101.0,100.61,101.42,16184
2023-02-03,101.11,100.57,100.27,101.11,15221
2023-02-06,101.2,102.26,100.61,103.0,43288
2023-02-07,103.8,105.7,102.82,106.76,95149
2023-02-08,107.0,111.9,105.16,112.81,131730
2023-02-09,114.99,119.56,113.0,134.51,798463
2023-02-10,121.4,119.53,117.2,130.2,423148
2023-02-13,121.0,118.47,118.1,122.4,55879
2023-02-14,118.58,115.34,114.95,118.98,54716
2023-02-15,115.5,111.1,110.16,115.3,40666
2023-02-16,111.49,112.81,110.82,115.8,33746
2023-02-17,113.15,114.41,111.64,118.6,70755
2023-02-20,115.0,113.81,112.66,115.45,17932
2023-02-21,114.1,115.63,113.88,118.2,54010
2023-02-22,115.8,115.81,115.52,118.34,24399
2023-02-24,116.95,109.76,109.2,117.65,140127
2023-02-27,105.55,108.76,105.14,111.0,82988
2023-02-28,109.0,107.97,107.6,110.5,71693
2023-03-01,108.41,109.84,108.6,109.87,47224
2023-03-02,110.5,109.25,108.6,110.5,46712
2023-03-03,109.26,111.3,109.21,111.99,28254
2023-03-06,111.3,117.0,111.3,117.68,94163
2023-03-07,117.86,125.4,117.3,129.0,591721
2023-03-09,127.3,123.0,122.86,129.94,133892
2023-03-10,123.1,123.81,119.52,125.36,77995
2023-03-13,124.0,125.0,123.95,126.7,62702
2023-03-14,125.38,125.4,124.24,131.43,266526
2023-03-15,125.1,123.97,122.49,127.34,96297
2023-03-16,123.97,122.9,122.3,124.78,60018
2023-03-17,123.2,125.51,123.15,125.98,93212
2023-03-20,125.72,126.19,124.23,128.8,140281
2023-03-21,126.41,127.17,125.58,129.95,168322
2023-03-22,127.77,141.0,127.35,145.3,1286077
2023-03-23,144.0,139.19,133.16,146.7,640367
2023-03-24,153.11,155.2,153.11,167.28,2030542
2023-03-27,156.6,154.0,153.27,158.27,472293
2023-03-28,154.9,152.1,151.36,154.9,235600
2023-03-29,152.56,150.9,149.6,152.56,249110
2023-03-30,150.38,149.96,148.63,150.5,217387
2023-03-31,150.4,148.5,147.54,150.1,186578
2023-04-03,150.0,148.2,147.72,150.0,195773
2023-04-04,148.2,147.82,147.61,148.46,161312
2023-04-05,148.0,147.81,146.99,149.13,167014
2023-04-06,148.1,147.7,147.5,149.8,320621
2023-04-07,148.1,147.77,146.6,148.2,152680
2023-04-10,148.87,147.99,147.7,148.87,218767
2023-04-11,148.3,146.1,144.0,148.5,333227
2023-04-12,146.1,147.4,145.55,147.7,104184
2023-04-13,147.7,157.21,147.47,157.4,1376531
2023-04-14,157.51,156.54,154.8,159.17,487895
2023-04-17,158.48,159.7,157.17,160.61,411384
2023-04-18,159.81,165.2,159.81,167.77,1235393
2023-04-19,166.72,164.0,160.0,167.47,562236
2023-04-20,164.3,163.2,160.34,164.45,251980
2023-04-21,163.31,163.3,162.51,164.5,174401
2023-04-24,165.95,165.6,163.5,166.59,267560
2023-04-25,166.13,177.32,165.71,178.69,1920316
2023-04-26,177.5,175.1,173.54,180.0,862645
2023-04-27,175.0,176.0,175.0,179.69,852583
2023-04-28,177.7,176.54,173.88,178.55,342057
2023-05-02,178.0,174.94,167.8,178.88,601008
2023-05-03,174.94,170.2,170.2,176.0,415200
2023-05-04,169.0,172.2,168.51,174.74,328907
2023-05-05,173.1,168.0,166.6,174.3,724378
2023-05-08,151.2,139.89,139.6,151.2,1453912
2023-05-10,138.5,146.5,136.26,146.33,681217
2023-05-11,146.3,145.6,144.0,150.45,424069
2023-05-12,145.0,144.3,141.18,146.2,251258
2023-05-15,145.5,149.96,145.0,151.37,415699
2023-05-16,151.56,156.63,150.0,159.4,586743
2023-05-17,157.5,159.78,154.16,159.85,382486
2023-05-18,164.94,163.2,160.12,167.0,530793
2023-05-19,163.75,161.5,160.9,164.0,154436
2023-05-22,162.0,159.35,154.15,163.3,164337
2023-05-23,159.34,161.1,155.45,161.88,136961
2023-05-24,161.3,162.29,159.82,163.2,152278
2023-05-25,162.71,161.6,160.1,163.24,109463
2023-05-26,162.0,162.5,160.82,163.5,122153
2023-05-29,163.4,166.3,162.65,167.2,240112
2023-05-30,164.0,163.4,161.2,166.3,155176
2023-05-31,162.14,167.28,161.97,169.5,313272
2023-06-01,168.6,167.71,166.3,171.0,242616
2023-06-02,167.6,169.7,166.77,170.62,115563
2023-06-05,169.7,168.7,168.1,173.2,213189
2023-06-06,167.89,167.3,162.0,168.0,167346
2023-06-07,167.6,168.9,167.28,171.12,124834
2023-06-08,168.88,168.37,168.8,172.0,119120
2023-06-09,168.77,167.11,166.0,169.9,80261
2023-06-13,168.1,168.17,167.75,169.99,59853
2023-06-14,168.73,168.15,167.24,169.12,50921
2023-06-15,167.91,169.16,167.9,169.65,59428
2023-06-16,169.55,168.45,167.64,169.56,53852
2023-06-19,168.51,168.13,167.8,170.8,89210
2023-06-20,168.13,168.14,167.4,169.19,71360
2023-06-21,168.14,171.2,168.14,173.78,143566
2023-06-22,171.22,174.47,171.22,174.96,129133
2023-06-23,174.12,171.6,170.15,174.12,69837
2023-06-26,169.51,166.8,165.21,171.8,211651
2023-06-27,166.5,168.44,166.21,169.14,93685
2023-06-28,167.8,166.13,165.79,168.44,118370
2023-06-29,166.5,165.9,164.99,166.99,55681
2023-06-30,166.0,165.0,164.9,166.0,62908
2023-07-03,165.38,163.24,160.0,166.13,75058
2023-07-04,163.14,161.7,161.36,163.52,43621
2023-07-05,161.8,164.25,161.66,165.25,53280
2023-07-06,164.73,163.33,162.1,165.2,50969
2023-07-07,163.56,163.69,163.3,163.96,18948
2023-07-10,164.8,166.82,164.0,168.1,87474
2023-07-11,168.16,167.69,167.15,168.3,38007
2023-07-12,168.2,169.87,168.1,169.9,73245
2023-07-13,170.0,175.52,170.0,177.4,331974
2023-07-14,175.6,187.0,175.52,189.7,907348
2023-07-17,185.1,188.99,183.62,192.0,372038
2023-07-18,189.49,194.0,186.11,195.0,431764
2023-07-19,195.0,194.55,192.95,195.7,114503
2023-07-20,194.55,194.56,192.0,198.38,173799
2023-07-21,194.0,194.5,192.0,198.4,136824
2023-07-24,195.54,198.75,194.64,200.46,202692
2023-07-25,199.7,213.65,198.5,216.91,457038
2023-07-26,214.39,214.63,208.2,219.19,348953
2023-07-27,216.3,220.9,215.0,224.87,379467
2023-07-28,220.91,218.85,216.56,224.0,122918
2023-07-31,220.95,219.3,218.0,222.4,112582
2023-08-01,220.3,219.88,218.16,223.0,121724
2023-08-02,220.76,219.0,218.47,220.8,74235
2023-08-03,222.2,248.0,219.2,257.0,1552453
2023-08-04,255.0,268.4,241.0,279.5,2110376
2023-08-07,272.0,293.63,271.24,299.0,1892272
2023-08-08,297.0,283.98,272.0,299.6,788432
2023-08-09,286.0,280.67,275.52,292.0,401814
2023-08-10,280.0,280.51,278.2,285.4,136054
2023-08-11,282.0,279.1,276.61,284.0,217277
2023-08-14,279.7,273.5,270.62,283.0,281464
2023-08-15,267.99,271.0,255.0,278.0,440149
2023-08-16,271.0,295.95,256.14,295.95,1341407
2023-08-17,298.0,294.0,283.1,306.27,974629
2023-08-18,305.0,286.8,286.0,310.0,949421
2023-08-21,286.8,283.79,280.8,289.0,257400
2023-08-22,284.77,281.23,279.1,286.4,170420
2023-08-23,281.28,279.48,275.23,282.11,156145
2023-08-24,278.37,294.35,275.72,294.96,837915
2023-08-25,294.0,287.18,286.63,296.5,320430
2023-08-28,288.39,287.69,286.22,290.2,175637
2023-08-29,289.0,288.5,287.69,294.5,492474
2023-08-30,289.0,287.1,285.0,290.8,303697
2023-08-31,287.9,288.93,286.21,289.0,131857
2023-09-01,289.0,290.41,288.1,294.4,360947
2023-09-04,291.55,292.11,291.3,294.0,156069
2023-09-05,293.0,304.43,291.33,306.0,935880
2023-09-06,305.0,312.32,304.0,317.42,825397
2023-09-07,313.3,301.0,292.0,315.0,837470
2023-09-08,303.0,301.6,294.0,305.5,372403
2023-09-11,302.0,298.21,297.4,304.8,180529
2023-09-12,299.5,300.9,299.0,303.4,159666
2023-09-13,302.5,304.7,301.31,309.68,371113
2023-09-14,304.7,299.65,285.2,305.0,378973
2023-09-15,298.0,300.5,296.0,307.0,216166
2023-09-18,303.4,305.3,301.2,309.6,365182
2023-09-19,305.3,301.0,298.0,308.67,244281
2023-09-20,299.0,296.6,288.75,300.99,300959
2023-09-21,296.7,288.99,287.92,296.78,164524
2023-09-22,288.6,289.9,280.82,292.88,225737
2023-09-25,295.53,293.19,289.72,299.4,274131
2023-09-26,294.0,288.3,287.55,294.99,434599
2023-09-27,289.55,289.68,288.3,292.1,189406
2023-09-28,290.0,289.62,288.1,290.8,151489
2023-09-29,290.1,289.98,289.1,293.3,238341
2023-10-02,290.85,295.16,290.85,300.4,657231
2023-10-03,297.5,293.17,291.12,298.0,235463
2023-10-04,293.96,288.5,283.55,293.98,316969
2023-10-05,289.0,281.99,278.44,290.85,332895
2023-10-06,278.5,280.31,278.5,287.6,546783
2023-10-09,260.5,262.38,260.3,266.0,832631
2023-10-10,262.99,272.7,262.63,276.3,849679
2023-10-11,273.5,270.2,268.8,273.5,164462
2023-10-12,268.0,269.65,263.35,272.32,176427
2023-10-13,270.0,268.1,268.0,271.5,91812
2023-10-16,266.26,267.81,266.0,269.4,130569
2023-10-17,267.98,271.88,267.0,271.88,136002
2023-10-18,271.86,269.6,268.1,272.9,119090
2023-10-19,269.6,267.0,265.34,269.6,97879
2023-10-20,267.2,263.53,263.0,267.4,95740
2023-10-23,263.37,261.3,261.0,265.39,97791
2023-10-24,261.0,258.1,256.37,264.0,301040
2023-10-25,259.15,257.6,257.5,260.98,109772
2023-10-26,257.12,253.59,252.5,261.9,253351
2023-10-27,251.5,248.5,246.1,258.0,184944
2023-10-30,250.1,251.86,249.25,254.78,216139
2023-10-31,252.23,250.34,246.8,254.7,134977
2023-11-01,250.51,252.4,249.2,252.8,55439
2023-11-02,252.55,249.16,249.0,253.83,66581
2023-11-03,249.2,238.4,236.72,249.65,228821
2023-11-06,240.0,245.58,240.0,246.85,141320
2023-11-07,246.0,259.87,245.24,260.35,679516
2023-11-08,259.85,263.62,259.2,269.0,637065
2023-11-09,263.67,258.0,257.1,266.5,149284
2023-11-10,259.0,254.9,250.74,259.98,189072
2023-11-13,256.0,251.6,251.28,257.86,118747
2023-11-14,251.11,245.0,242.0,251.11,208049
2023-11-15,245.5,250.5,243.3,252.4,141858
2023-11-16,251.91,245.93,245.23,251.91,87861
2023-11-17,244.99,245.64,242.5,248.97,104116
2023-11-20,245.64,244.9,244.0,247.77,59497
2023-11-21,244.97,243.96,241.2,244.99,81669
2023-11-22,242.56,246.64,242.56,249.8,153007
2023-11-23,247.27,242.92,241.83,248.1,82349
2023-11-24,244.99,242.0,241.5,249.0,216251
2023-11-27,241.42,231.23,227.5,242.92,383628
2023-11-28,231.3,233.16,227.27,238.25,199531
2023-11-29,232.86,230.0,229.0,234.22,72035
2023-11-30,230.0,223.11,221.2,230.48,179100
2023-12-01,222.24,211.59,211.11,223.0,232277
2023-12-04,210.94,200.3,195.36,211.0,485198
2023-12-05,201.1,222.2,200.5,222.72,717580
2023-12-06,222.39,212.33,209.0,227.67,756912
2023-12-07,212.8,210.99,202.16,218.6,462817
2023-12-08,211.0,212.29,211.0,218.1,174417
2023-12-11,214.0,202.9,201.5,214.0,201291
2023-12-12,203.2,202.38,200.1,209.78,259204
2023-12-13,202.45,203.35,200.31,206.99,133406
2023-12-14,204.1,196.63,196.1,205.77,211803
2023-12-15,196.63,207.5,194.28,213.0,491397
2023-12-18,208.78,221.3,208.29,222.1,425751
2023-12-19,221.35,216.91,212.73,221.35,234252
2023-12-20,218.1,219.37,215.6,221.3,151719
2023-12-21,219.0,219.9,214.4,221.4,166450
2023-12-22,220.0,225.25,219.69,227.8,283701
2023-12-25,227.7,225.56,223.34,228.88,152423
2023-12-26,226.4,220.17,219.65,226.76,141263
2023-12-27,220.2,216.3,215.2,222.7,180361
2023-12-28,216.95,214.49,211.78,216.95,155091
2023-12-29,215.25,214.24,214.2,217.93,117840
2024-01-03,215.39,223.0,213.0,223.0,116083
2024-01-04,224.0,220.72,219.5,224.0,113451
2024-01-05,221.4,222.96,220.0,224.4,96234
2024-01-08,224.0,258.76,223.5,258.88,2157725
2024-01-09,260.0,251.87,250.1,264.0,948766
2024-01-10,250.94,246.87,245.44,251.85,314955
2024-01-11,245.96,258.4,245.96,263.77,1358090
2024-01-12,259.7,264.71,259.3,268.53,630043
2024-01-15,266.5,274.86,266.2,277.8,911391
2024-01-16,275.51,272.1,270.73,279.0,456285
2024-01-17,271.4,274.59,268.51,276.49,263749
2024-01-18,274.6,272.3,269.4,278.5,234337
2024-01-19,272.3,273.96,271.17,276.55,169165
2024-01-22,274.48,281.22,274.2,282.78,590187
2024-01-23,282.35,278.96,276.21,282.92,253966
2024-01-24,279.0,277.63,275.49,281.4,184104
2024-01-25,277.65,278.66,273.0,280.4,261733
2024-01-26,278.99,276.7,276.1,279.44,79744
2024-01-29,276.8,280.0,275.0,281.77,205950
2024-01-30,280.0,281.48,278.6,281.61,110694
2024-01-31,282.69,286.55,282.69,290.0,442903
2024-02-01,287.25,284.99,283.0,288.0,158438
2024-02-02,285.0,285.69,284.63,287.8,91667
2024-02-05,287.1,298.0,285.82,298.78,470969
2024-02-06,298.0,296.35,294.19,300.5,316541
2024-02-07,296.35,293.76,291.1,298.0,228206
2024-02-08,294.0,285.15,283.2,294.0,266284
2024-02-09,286.0,284.77,282.51,291.0,184771
2024-02-12,284.87,287.14,279.6,288.54,182396
2024-02-13,288.0,291.19,286.79,291.74,139977
2024-02-14,292.0,289.44,288.0,293.0,97460
2024-02-15,289.45,290.81,288.15,291.58,76156
2024-02-16,291.69,287.92,286.52,291.97,126497
2024-02-19,287.8,290.7,286.63,292.88,166918
2024-02-20,291.77,283.14,276.27,291.77,221414
2024-02-21,283.0,280.8,277.24,286.95,146656
2024-02-22,281.7,280.95,277.81,281.7,62375
2024-02-26,284.0,289.65,281.19,291.24,171428
2024-02-27,290.84,287.8,286.12,290.84,63345
2024-02-28,287.8,296.98,284.23,299.5,471280
2024-02-29,296.5,298.81,294.0,304.64,771487
2024-03-01,299.71,298.66,297.3,303.29,217961
2024-03-04,300.5,297.38,294.21,301.81,244453
2024-03-05,298.9,295.77,295.31,298.99,83467
2024-03-06,295.7,292.19,291.3,297.67,228422
2024-03-07,291.8,291.15,288.1,295.17,148192
2024-03-11,292.8,295.34,292.8,296.1,161863
2024-03-12,295.87,296.6,293.3,297.0,113276
2024-03-13,296.99,293.2,293.2,296.99,57759
2024-03-14,293.1,289.16,285.5,294.38,145029
2024-03-15,289.16,292.29,288.2,293.99,82627
2024-03-18,293.0,295.61,290.9,296.54,88073
2024-03-19,295.99,294.59,293.3,296.8,83400
2024-03-20,297.3,299.58,296.4,302.54,338977
2024-03-21,319.8,308.92,305.11,319.8,763765
2024-03-22,309.3,304.0,300.5,310.5,233682
2024-03-25,306.0,307.6,304.2,309.98,118567
2024-03-26,308.2,307.2,304.8,308.74,73640
2024-03-27,307.2,309.59,306.0,309.95,111406
2024-03-28,309.93,308.62,307.1,310.9,80379
2024-03-29,309.18,309.68,307.75,311.3,71332
2024-04-01,311.0,313.85,311.0,315.6,129137
2024-04-02,315.0,321.39,314.0,321.7,173363
2024-04-03,321.47,317.66,317.1,324.22,242267
2024-04-04,317.71,314.33,305.91,319.1,195016
2024-04-05,314.4,313.5,311.36,315.2,77763
2024-04-08,313.7,314.1,311.6,316.42,100644
2024-04-09,314.4,312.0,311.2,314.81,104208
2024-04-10,312.7,313.2,310.0,315.0,100107
2024-04-11,313.2,321.12,312.67,322.39,234207
2024-04-12,321.12,325.28,318.15,325.93,220006
2024-04-15,325.3,339.0,325.3,339.0,438279
2024-04-16,339.0,336.63,331.4,340.15,266862
2024-04-17,336.64,331.6,329.5,337.89,94863
2024-04-18,332.0,329.76,326.1,334.39,103347
2024-04-19,331.3,333.87,330.81,337.16,100372
2024-04-22,334.1,329.15,328.11,335.78,131926
2024-04-23,329.99,326.96,325.59,333.49,105645
2024-04-24,327.0,339.92,320.42,341.0,635066
2024-04-25,339.9,337.51,333.15,344.0,392038
2024-04-26,338.0,334.29,333.0,338.56,151569
2024-04-27,334.59,336.33,332.4,336.68,96450
2024-04-29,336.99,339.11,334.55,345.0,158595
2024-04-30,340.3,341.89,339.0,342.35,80981
2024-05-02,342.99,341.7,339.76,346.0,230016
2024-05-03,340.97,336.4,334.5,340.97,266282
2024-05-06,308.0,313.77,305.0,316.0,601491
2024-05-07,313.55,329.1,313.51,330.0,336849
2024-05-08,328.0,327.29,326.0,332.55,198457
2024-05-10,327.28,327.24,324.1,329.9,81938
2024-05-13,327.24,332.1,325.46,332.1,137990
2024-05-14,332.38,332.8,328.8,334.99,137145
2024-05-15,333.9,339.73,331.0,339.75,186751
2024-05-16,340.2,346.26,336.0,346.94,198874
2024-05-17,343.1,351.77,342.0,353.17,207123
2024-05-20,359.4,359.99,355.3,367.53,527756
2024-05-21,360.95,374.8,357.0,374.8,411773
2024-05-22,375.1,366.21,362.33,376.98,337590
2024-05-23,365.2,370.52,361.5,372.79,182869
2024-05-24,370.5,368.6,362.95,375.0,138837
2024-05-27,367.98,357.34,353.0,368.4,276791
2024-05-28,358.0,364.88,356.0,369.47,170589
2024-05-29,365.0,359.12,354.2,365.4,163046
2024-05-30,360.37,349.38,345.34,360.37,209899
2024-05-31,350.1,340.89,335.0,350.1,270404
2024-06-03,344.98,348.0,331.25,349.0,374802
2024-06-04,349.5,363.86,349.24,364.0,275327
2024-06-05,363.96,355.19,353.0,367.0,178112
2024-06-06,355.18,353.69,337.7,358.5,171632
2024-06-07,354.0,371.14,353.2,375.1,285594
2024-06-10,374.8,370.33,365.3,378.88,274294
2024-06-11,371.82,364.0,361.0,371.82,127365
2024-06-13,350.0,368.9,348.0,373.3,282165
2024-06-14,369.0,373.8,363.0,375.0,121547
2024-06-17,376.0,375.25,373.7,381.8,335076
2024-06-18,375.25,362.57,358.4,375.25,278341
2024-06-19,362.6,361.76,353.3,369.11,258183
2024-06-20,361.99,367.38,357.15,371.0,254172
2024-06-21,368.54,363.6,363.0,369.5,117261
2024-06-24,363.0,371.21,361.0,378.0,286275
2024-06-25,371.4,379.74,371.4,381.45,346537
2024-06-26,380.99,387.68,380.85,387.89,271628
2024-06-27,388.1,387.3,382.32,388.88,128639
2024-06-28,388.8,385.97,383.6,388.79,83322
2024-07-01,385.99,382.92,382.29,386.8,75768
2024-07-02,383.0,385.48,379.88,385.79,106021
2024-07-03,385.97,378.32,376.62,385.97,99956
2024-07-04,378.32,373.4,365.51,378.96,214418
2024-07-05,373.51,375.1,368.44,378.99,133687
2024-07-08,375.5,368.6,365.26,376.83,164809
2024-07-09,368.6,365.95,362.52,369.2,127438
2024-07-10,366.6,349.8,346.0,366.88,243494
2024-07-11,349.0,367.91,348.45,368.5,190544
2024-07-12,363.0,356.45,345.95,367.8,484051
2024-07-15,356.47,345.99,343.35,357.78,161097
2024-07-16,347.0,350.5,337.42,355.99,226386
2024-07-17,352.0,347.88,345.87,354.96,100580
2024-07-18,349.0,358.6,346.23,358.64,96887
2024-07-19,357.69,365.8,354.5,367.0,196613
2024-07-22,369.0,366.61,360.0,372.78,151444
2024-07-23,365.0,362.69,360.5,367.0,73592
2024-07-24,362.5,372.44,358.51,376.5,205347
2024-07-25,372.6,387.9,368.63,389.7,651161
2024-07-26,387.1,382.7,379.18,390.31,439008
2024-07-29,378.0,365.35,361.39,379.72,212701
2024-07-30,365.0,371.98,361.9,376.0,110235
2024-07-31,372.4,377.4,371.22,378.51,125182
2024-08-01,378.0,375.35,374.0,384.14,174995
2024-08-02,376.0,370.18,365.61,377.46,195928
2024-08-05,365.18,363.6,357.63,368.0,171615
2024-08-06,365.15,364.27,360.76,369.99,84129
2024-08-07,365.47,364.8,360.7,368.9,100233
2024-08-08,365.8,362.7,360.51,369.65,74328
2024-08-09,361.6,362.56,360.52,364.2,43347
2024-08-12,361.51,362.3,358.24,364.45,67450
2024-08-13,362.6,361.49,359.83,363.94,52673
2024-08-14,362.0,359.0,358.18,365.0,87023
2024-08-15,359.1,359.71,356.11,363.51,77066
2024-08-16,361.45,360.32,357.72,363.96,66749
2024-08-19,360.0,354.15,350.38,363.0,147866
2024-08-20,355.8,363.54,351.27,367.9,220097
2024-08-21,365.6,370.86,364.32,371.96,246803
2024-08-22,371.0,366.7,363.4,373.0,114011
2024-08-23,368.5,360.42,353.5,371.34,259108
2024-08-26,377.45,366.68,363.0,377.45,130121
2024-08-27,367.39,361.11,360.8,367.8,62165
2024-08-28,361.77,359.5,352.8,362.0,85060
2024-08-29,359.1,357.56,353.45,362.55,64093
2024-08-30,358.2,349.3,345.12,360.0,184649
2024-09-02,348.2,336.8,327.75,348.69,330126
2024-09-03,333.25,334.16,330.0,343.38,231358
2024-09-04,335.0,346.24,331.85,348.0,131536
2024-09-05,348.8,346.0,344.0,351.49,152510
2024-09-06,346.69,349.55,343.8,350.0,101446
2024-09-09,353.2,361.45,350.4,362.0,162952
2024-09-10,363.9,360.42,358.2,368.34,151248
2024-09-11,360.42,357.99,356.0,361.47,88742
2024-09-12,358.86,360.36,356.4,363.5,122040
2024-09-13,361.0,364.1,354.0,364.5,195639
2024-09-16,365.45,371.11,364.11,373.77,176435
2024-09-17,373.52,375.1,370.6,376.9,136233
2024-09-18,376.22,376.42,372.66,383.88,232637
2024-09-19,377.36,376.3,371.8,379.1,106063
2024-09-20,377.0,383.9,376.47,386.21,133217
2024-09-23,385.95,393.39,385.65,393.9,240085
2024-09-24,394.0,390.14,386.56,397.0,194334
2024-09-25,390.14,386.2,384.1,392.15,154742
2024-09-26,385.5,389.67,385.0,391.5,110530
2024-09-27,389.98,394.85,389.67,394.89,232404
2024-09-30,375.0,379.47,372.48,382.65,400641
2024-10-01,377.97,372.36,372.2,377.98,97141
